<?xml version="1.0" encoding="UTF-8"?>
<ivy-module version="2.0"
	    xmlns:xsi="http://www.w3.org/2001/XMLSchema-instance"
	    xmlns:mvn="http://ant.apache.org/ivy/maven"
	    xsi:noNamespaceSchemaLocation="http://ant.apache.org/ivy/schemas/ivy.xsd">

  <info module="arq-extra"
	organisation="com.hp.hpl.jena" 
	revision="${version}">
    <license name="BSD"/>
    <ivyauthor name="Hewlett-Packard" url="http://jena.sf.net/ARQ"/>
    <description>ARQ: SPARQL engine for Jena, a Semantic Web framework</description>
  </info>

  <configurations defaultconfmapping="main->*">
    <conf name="main" description="ARQ" />
  </configurations>

  <publications>
    <artifact name="arq-extra" type="jar"/>
    <artifact name="arq-extra" type="xml" ext="pom"/>
  </publications>

  <dependencies>
    <dependency org="com.hp.hpl.jena" name="arq" rev="latest.integration"/>
  </dependencies>

</ivy-module>
